,Subtopic,count,Bike 
0,Comparing the Honda Activa's Engine and Riding Experience,237,Honda
1,Maximizing Mileage and Performance: How Engine Efficiency; Lighting and Smooth Riding Impact Your Motorcycle Experience,85,Honda
2,Enhancing Your Motorcycle Riding Experience: Balancing Performance; Look and Maintenance,76,Honda
3,Choosing the Perfect Scooty: Factors to Consider When Buying,75,Honda
4,Awesome Look and Affordable Price Range of Honda Motorcycles,63,Honda
5,Exploring the Best Features and Colors for an Awesome and Comfortable Ride,53,Honda
6,The Love Affair with Honda Activa: Exploring Its Great Features; Comfortable Ride and Timeless Appeal,38,Honda
7,Amazing Looks and Riding Experience,34,Honda
8,Honda Scooter Ownership: Making Informed Decisions on Purchasing; Servicing and Addressing Common Problems,32,Honda
9,Powerful and Attractive Commuter Bikes with Style and Speed,30,Honda
10,Troubleshooting Common Motorcycle Problems: Mileage; Speed and Engine Performance,20,Honda
11,Amazing Feel of a Long Motorcycle Ride,19,Honda
12,Honda Motorcycle Gear Shift Issues: Troubleshooting and Solutions for a Smooth Ride,18,Honda
13,Unlocking Exceptional Mileage and Value in Your Motorcycle Ride,15,Honda
14,Urban Commuting with Low Maintenance and Cost-Effective Scooters,13,Honda
15,Exploring the Excellent Features of High-Speed Riding: Brakes; Mileage and Engine Performance,11,Honda
16,Optimizing Your Honda Motorcycle Service Experience: Managing Costs; Maintenance and Mileage,10,Honda
17,Great Design; Stylish Look and Outstanding Mileage for a Thrilling Ride,9,Honda
18,Reliable and Convenient Use,6,Honda
19,Unleashing the Power and Style of the Honda bike: A Great Ride in Its Segment,2,Honda
20,Riding Experience and Road Conditions,1269,Suzuki
21,Vehicle Buying Experience,685,Suzuki
22,Positive Vehicle Experience and Appreciation,559,Suzuki
23,Vehicle Starting Issues and Engine Problems,520,Suzuki
24,Vehicle Maintenance and Component Considerations,355,Suzuki
25,Vehicle Body and Design Considerations,354,Suzuki
26,"Mileage and Scooter Comparison, with emphasis on Honda Activa",316,Suzuki
27,"Comfort and Quality of Scooter Seating, particularly for long rides",277,Suzuki
28,Suzuki Bikes and Riding Experiences,208,Suzuki
29,Vehicle Service and Maintenance,181,Suzuki
30,Vehicle Engine Performance and Fuel Efficiency,130,Suzuki
31,Features and Buying Considerations,105,Suzuki
32,Performance and Features,90,Suzuki
33,Special Edition Features and Characteristics,68,Suzuki
34,Vehicle Lighting and Design Features,58,Suzuki
35,Issues and Experiences with Scooter Service and Performance,50,Suzuki
36,Features and Impressions of New Suzuki Scooter,42,Suzuki
37,Riding Experience and Impressions,24,Suzuki
38,Positive Aspects of Riding a Scooter,21,Suzuki
39,Scooter Features and Components,14,Suzuki
40, Maximizing the Value of Your Motorcycle: Superb Power; Great Rides and Smart Money Choices,693,TVS
41,Indian Motorcycle Machines: A Journey of Feel; Price and Riding Pleasure,46,TVS
42,Navigating Service Challenges and Making Informed Buying Decisions,41,TVS
43,Unleashing Awesome Rides and Sporty Looks,39,TVS
44,Striking the Perfect Balance in Motorcycle Ownership: Good Rides; Ideal Prices and Performance,28,TVS
45,The Joy of Riding a Dream Motorcycle: Looks; Comfort; and Love,28,TVS
46,The Scooter Revolution: Fuel Efficiency; Stylish Rides and Rider Experiences,23,TVS
47,The Art of Riding: Exploring the Good; the Look; and the Experience,22,TVS
48,Troubleshooting Vehicle Issues; Starting Strong and Self-Improvement,15,TVS
49,Performance; Style; and Rider Experiences,15,TVS
50,Unveiling Great Motorcycles: Exploring Features; Performance and Rider Experiences,12,TVS
51, Power; Style and the Love for High-Performance Motorcycles,11,TVS
52,The Best in Segment: Exploring Exceptional Motorcycles for Discerning Riders,11,TVS
53,Exploring Slipper Clutches; Build Quality and Value for Money,11,TVS
54, Navigating the World of Motorcycle Ownership: Service; Maintenance and the Rider's Journey,9,TVS
55,Achieving Great Mileage; Comfortable Riding and Exceptional Performance on Two Wheels,8,TVS
56,Unleashing the Power of High-Performance Motorcycles: The Amazing Ride; Speed; and Engine Performance,8,TVS
57,Striking the Perfect Balance: A Smooth Ride; Lightweight Design; and the Cost of Motorcycle Ownership,5,TVS
58,Racing Excellence; Performance; and Affordable Thrills,4,TVS
59,Elevating the Scooter Experience: Excellent Features; Innovative Models; and the bike Breakthrough,4,TVS
